Nano_day,Day_N,Day_mean,Day_sd,Day_se,Day_cv
1,2,44857813958.33333,6838939711.083813,4835860645.833332,0.15245815851472916
