Time,Treatment,Volume,particle_conc,particle_count,corrected_particle_conc
48,DMSO,112.0,5332908929.166667,597285800.0666667,597285.8000666667
48,EGF,120.0,13941558391.666666,1672987006.9999998,1672987.0069999998
48,BPS,145.0,5733223262.5,831317373.0625,831317.3730625
48,BPS_EGF,110.0,5658288537.5,622411739.125,622411.739125
96,DMSO,105.0,5570460916.666667,584898396.25,584898.39625
96,EGF,105.0,4416285745.833333,463710003.31249994,463710.00331249996
96,BPS,110.0,5557785941.666667,611356453.5833334,611356.4535833334
96,BPS_EGF,112.0,4699700962.5,526366507.8,526366.5078
