Inter_Day_N,Inter_Day_mean,Inter_Day_sd,Inter_Day_se,Inter_Day_cv
2,47349102812.5,5162651265.519288,3650545718.7499995,0.10903377168439961
